{
  "algorithms": [
    "Forward Chaining",
    "Backward Chaining",
    "A* Search",
    "Backtracking",
    "Brute Force"
  ],
  "tests": [
    "test01.txt",
    "test02.txt",
    "test03.txt",
    "test04.txt",
    "test05.txt",
    "test06.txt",
    "test07.txt",
    "test08.txt",
    "test09.txt",
    "test10.txt"
  ],
  "times": {
    "Forward Chaining": [
      0.7299000862985849,
      1.3790000230073929,
      1.8398999236524105,
      2.2765998728573322,
      6.981699960306287,
      14.844800112769008,
      0.32979995012283325,
      0.9800998959690332,
      3.0372999608516693,
      3.800799837335944
    ],
    "Backward Chaining": [
      6.764800054952502,
      51.03820003569126,
      330.211800057441,
      997.5088001228869,
      5366.146699991077,
      3681.3229999970645,
      7.758300052955747,
      161.14159999415278,
      321.0764001123607,
      3397.2726000938565
    ],
    "A* Search": [
      0.8369998540729284,
      3.308200044557452,
      7.763699861243367,
      30.430000042542815,
      52.13469988666475,
      18.538600066676736,
      2.0520000252872705,
      10.016300017014146,
      9.72410012036562,
      50.37829978391528
    ],
    "Backtracking": [
      0.06560003384947777,
      0.04800013266503811,
      0.1313001848757267,
      0.8047998417168856,
      4.267999902367592,
      0.5612000823020935,
      0.07680011913180351,
      0.8169000502675772,
      0.2857998479157686,
      4.9541001208126545
    ],
    "Brute Force": [
      30000,
      30000,
      30000,
      30000,
      30000,
      30000,
      30000,
      30000,
      30000,
      30000
    ]
  },
  "success": {
    "Forward Chaining": [
      true,
      true,
      false,
      false,
      false,
      true,
      false,
      false,
      false,
      false
    ],
    "Backward Chaining": [
      true,
      true,
      true,
      true,
      true,
      true,
      true,
      true,
      true,
      true
    ],
    "A* Search": [
      true,
      true,
      true,
      true,
      true,
      true,
      true,
      true,
      true,
      true
    ],
    "Backtracking": [
      true,
      true,
      true,
      true,
      true,
      true,
      true,
      true,
      true,
      true
    ],
    "Brute Force": [
      false,
      false,
      false,
      false,
      false,
      false,
      false,
      false,
      false,
      false
    ]
  },
  "details": [
    {
      "test": "test01.txt",
      "size": 4,
      "given": 6,
      "Forward Chaining": {
        "time": 0.7299000862985849,
        "success": true
      },
      "Backward Chaining": {
        "time": 6.764800054952502,
        "success": true
      },
      "A* Search": {
        "time": 0.8369998540729284,
        "success": true
      },
      "Backtracking": {
        "time": 0.06560003384947777,
        "success": true
      },
      "Brute Force": {
        "time": 30000,
        "success": false
      }
    },
    {
      "test": "test02.txt",
      "size": 5,
      "given": 9,
      "Forward Chaining": {
        "time": 1.3790000230073929,
        "success": true
      },
      "Backward Chaining": {
        "time": 51.03820003569126,
        "success": true
      },
      "A* Search": {
        "time": 3.308200044557452,
        "success": true
      },
      "Backtracking": {
        "time": 0.04800013266503811,
        "success": true
      },
      "Brute Force": {
        "time": 30000,
        "success": false
      }
    },
    {
      "test": "test03.txt",
      "size": 6,
      "given": 10,
      "Forward Chaining": {
        "time": 1.8398999236524105,
        "success": false
      },
      "Backward Chaining": {
        "time": 330.211800057441,
        "success": true
      },
      "A* Search": {
        "time": 7.763699861243367,
        "success": true
      },
      "Backtracking": {
        "time": 0.1313001848757267,
        "success": true
      },
      "Brute Force": {
        "time": 30000,
        "success": false
      }
    },
    {
      "test": "test04.txt",
      "size": 7,
      "given": 14,
      "Forward Chaining": {
        "time": 2.2765998728573322,
        "success": false
      },
      "Backward Chaining": {
        "time": 997.5088001228869,
        "success": true
      },
      "A* Search": {
        "time": 30.430000042542815,
        "success": true
      },
      "Backtracking": {
        "time": 0.8047998417168856,
        "success": true
      },
      "Brute Force": {
        "time": 30000,
        "success": false
      }
    },
    {
      "test": "test05.txt",
      "size": 8,
      "given": 16,
      "Forward Chaining": {
        "time": 6.981699960306287,
        "success": false
      },
      "Backward Chaining": {
        "time": 5366.146699991077,
        "success": true
      },
      "A* Search": {
        "time": 52.13469988666475,
        "success": true
      },
      "Backtracking": {
        "time": 4.267999902367592,
        "success": true
      },
      "Brute Force": {
        "time": 30000,
        "success": false
      }
    },
    {
      "test": "test06.txt",
      "size": 9,
      "given": 40,
      "Forward Chaining": {
        "time": 14.844800112769008,
        "success": true
      },
      "Backward Chaining": {
        "time": 3681.3229999970645,
        "success": true
      },
      "A* Search": {
        "time": 18.538600066676736,
        "success": true
      },
      "Backtracking": {
        "time": 0.5612000823020935,
        "success": true
      },
      "Brute Force": {
        "time": 30000,
        "success": false
      }
    },
    {
      "test": "test07.txt",
      "size": 4,
      "given": 5,
      "Forward Chaining": {
        "time": 0.32979995012283325,
        "success": false
      },
      "Backward Chaining": {
        "time": 7.758300052955747,
        "success": true
      },
      "A* Search": {
        "time": 2.0520000252872705,
        "success": true
      },
      "Backtracking": {
        "time": 0.07680011913180351,
        "success": true
      },
      "Brute Force": {
        "time": 30000,
        "success": false
      }
    },
    {
      "test": "test08.txt",
      "size": 5,
      "given": 5,
      "Forward Chaining": {
        "time": 0.9800998959690332,
        "success": false
      },
      "Backward Chaining": {
        "time": 161.14159999415278,
        "success": true
      },
      "A* Search": {
        "time": 10.016300017014146,
        "success": true
      },
      "Backtracking": {
        "time": 0.8169000502675772,
        "success": true
      },
      "Brute Force": {
        "time": 30000,
        "success": false
      }
    },
    {
      "test": "test09.txt",
      "size": 6,
      "given": 9,
      "Forward Chaining": {
        "time": 3.0372999608516693,
        "success": false
      },
      "Backward Chaining": {
        "time": 321.0764001123607,
        "success": true
      },
      "A* Search": {
        "time": 9.72410012036562,
        "success": true
      },
      "Backtracking": {
        "time": 0.2857998479157686,
        "success": true
      },
      "Brute Force": {
        "time": 30000,
        "success": false
      }
    },
    {
      "test": "test10.txt",
      "size": 7,
      "given": 11,
      "Forward Chaining": {
        "time": 3.800799837335944,
        "success": false
      },
      "Backward Chaining": {
        "time": 3397.2726000938565,
        "success": true
      },
      "A* Search": {
        "time": 50.37829978391528,
        "success": true
      },
      "Backtracking": {
        "time": 4.9541001208126545,
        "success": true
      },
      "Brute Force": {
        "time": 30000,
        "success": false
      }
    }
  ]
}